pinterest	163
pcie2	41
cinematic	39
pcie	32
growth	27
acos	24
gmd	23
product	22
gpd	21
ee	21
aci	20
pin	20
monitoring	19
pe	19
market	18
mi	18
gad	18
agal	17
aicos	16
spe	15
aos	15
roe	15
agp	14
gi	14
gkg	13
gcd	13
agd	13
pie	13
ai	13
gvcae	13
cie	13
trpe	12
pqif	12
revenue	12
cmdr	12
mil	12
aee	12
gpi	11
cj	11
gcp	11
gaee	11
ede	11
seo	11
analytics	9
paip	9
creative	9
guardian	8
arie	8
cpe	8
oie	8
ode	8
gbd	8
agm	7
aec	7
pei	7
organic	7
pmin	7
competitor	7
commander	7
shil	6
cv5	5
tiktok	5
cro	4
ppe	4
render	4
rr	4
pga	4
stock	4
job	4
prie	4
cta	4
director	3
keyword	3
gsc	3
profit	3
merchant	3
ranking	2
admin	2
cluster	2
crawler	2
email	2
marketing	2
media	2
optimizer	2
packaging	2
performance	2
pre	2
production	2
referral	2
release	2
self	2
shopping	2
site	2
strategy	2
supplier	2
newsletter	1
ga4	1
funnel	1
sync	1
order	1
orders	1
frontend	1
app	1
page	1
fos	1
passkey	1
executive	1
dynamic	1
pdp	1
disputes	1
dispute	1
tracking	1
discontinued	1
deploy	1
dedupe	1
cwv	1
ctr	1
cron	1
credential	1
ad	1
content	1
contact	1
user	1
products	1
profiles	1
cohort	1
published	1
abandoned	1
rate	1
recovery	1
utm	1
variant	1
remarketing	1
checkout	1
replenishment	1
categories	1
review	1
blog	1
blocked	1
saved	1
scraped	1
security	1
visitor	1
bestsellers	1
serp	1
service	1
sessions	1
backlink	1
warehouse	1
web	1
sitemap	1
smoke	1
sms	1
sourcing	1
background	1
authority	1
indexing	1
internal	1
hot	1
key	1
homepage	1
loss	1
lp	1
guide	1
winner	1
zero	1
governor	1
governance	1
google	1
github	1
