URL,Laatst gecrawld
https://getpawsy.pet/c/all,2026-06-28
https://getpawsy.pet/c/best-sellers,2026-06-20
https://getpawsy.pet/product/e42efe24-988c-4581-b8e0-95efc2c5250f,2026-06-10
https://getpawsy.pet/products/getpawsy-2026-top-rated-fully-enclosed-cat-litter-easy-clean-design-20443125,2026-06-08
https://getpawsy.pet/product/getpawsy-large-folding-bike-trailer-dogs-66lb-capacity-durable-chew-resistant-20417734,2026-06-08
https://getpawsy.pet/product/getpawsy-cat-litter-box-enclosure-2-in-1-condo-cat-easy-clean-design-194578513921,2026-06-08
https://getpawsy.pet/product/getpawsy-go-cat-litter-box-enclosure-light-hidden-easy-clean-design-611683168258,2026-06-07
https://getpawsy.pet/product/getpawsy-cat-hidden-litter-box-enclosure-rgb-led-easy-clean-design-227807883266,2026-06-07
https://getpawsy.pet/product/getpawsy-61-extra-tall-cat-gate-doorway-adjustable-interactive-play-20399031,2026-06-06
https://getpawsy.pet/product/af2f873c-e754-40d8-ab78-f77ef53eb823,2026-06-05
https://getpawsy.pet/product/55-2-in-1-bird-cage-aviary-parakeet-house-for-finches-budgies-with-wheels-black,2026-06-03
https://getpawsy.pet/product/getpawsy-large-folding-bike-trailer-dogs-100lb-capacity-durable-chew-resistant-20417733,2026-06-02
https://getpawsy.pet/products/cj_2003465547326877697,2026-06-02
https://getpawsy.pet/product/getpawsy-32-soft-dog-crates-kennel-3-door-portable-interactive-play-20417709,2026-06-02
https://getpawsy.pet/product/smart-bird-feeder-with-solar-powered-camera-1080p-hd-ai-identify-pir-motion-auto-capture-video-cloud,2026-06-02
https://getpawsy.pet/product/783cc4a9-d1fa-458f-b801-5eee3f886a39,2026-06-02
https://getpawsy.pet/products/getpawsy-all-in-one-convertible-folding-4-wheel-padded-no-pull-20424872,2026-06-01
https://getpawsy.pet/products/getpawsy-upgraded-5x2-wide-wheels-all-in-one-padded-no-pull-20424881,2026-06-01
https://getpawsy.pet/products/getpawsy-extra-large-dual-entry-cat-litter-box-convertible-easy-clean-design-20443126,2026-06-01
https://getpawsy.pet/products/pets-dog-cat-baby-safety-gate-mesh-fence-magic-portable-guard-net-stairs-doors,2026-05-31
https://getpawsy.pet/products/33in-cat-tree-multi-level-cat-tower-with-cat-scratching-post-with-curved-perch-c,2026-05-31
https://getpawsy.pet/product/getpawsy-all-in-one-convertible-folding-camping-wagon-durable-chew-res-902897217538,2026-05-31
https://getpawsy.pet/products/wooden-hamster-cage-with-storage-shelf-large-rat-mouse-habitat-including-seesaw-small-animal-cage-wi,2026-05-31
https://getpawsy.pet/product/getpawsy-all-in-one-convertible-folding-4-wheel-padded-no-pull-20424900,2026-05-31
https://getpawsy.pet/products/156e7ac6-24e2-4cfc-90fb-fad99eb0b033,2026-05-30
https://getpawsy.pet/product/getpawsy-upholstered-human-dog-bed-adults-pets-foldable-orthopedic-support-20450671,2026-05-29
https://getpawsy.pet/product/getpawsy-2500ml-usb-pet-water-fountain-teardrop-shaped-automatic-slow-feed-anti--20420714,2026-05-29
https://getpawsy.pet/lp/cat-litter-box,2026-05-29
https://getpawsy.pet/product/getpawsy-hidden-cat-litter-box-cabinet-privacy-enclosure-easy-clean-de-585167589378,2026-05-29
https://getpawsy.pet/product/getpawsy-1-24-collapsible-travel-dog-crate-medium-weather-resistant-shelter-20417727,2026-05-29
https://getpawsy.pet/product/49-inches-tall-cat-tree-with-ufo-top-perch-space-capsule-and-sisal-scratching-352d,2026-05-28
https://getpawsy.pet/products/getpawsy-cat-window-box-43-3-catio-outdoor-cat-interactive-play-058697502722,2026-05-28
https://getpawsy.pet/product/getpawsy-electric-hot-dog-roller-machine-grill-griddle-durable-chew-resistant-20420912,2026-05-28
https://getpawsy.pet/product/getpawsy-kids-piano-keyboard-25-keys-wooden-digital-interactive-play-932670554113,2026-05-28
https://getpawsy.pet/product/large-outdoor-cat-house-for-3-kitties,2026-05-28
https://getpawsy.pet/product/getpawsy-54-cat-tree-tower-multi-level-sisal-grab-multi-level-climbing-tower-20421267,2026-05-28
https://getpawsy.pet/product/getpawsy-2026-top-rated-cat-litter-box-pull-out-drawer-easy-clean-design-20443129,2026-05-28
https://getpawsy.pet/products/getpawsy-extra-wide-foldable-dog-stairs-pet-ramp-durable-chew-resistant-20417706,2026-05-28
https://getpawsy.pet/products/getpawsy-fully-enclosed-magic-cube-litter-box-top-front-easy-clean-design-20443128,2026-05-28
https://getpawsy.pet/product/getpawsy-pet-bike-trailer-dog-cart-bicycle-suitable-small-durable-chew-517677162497,2026-05-27
https://getpawsy.pet/products/dog-car-seat-cover-view-mesh-pet-carrier-hammock-safety-protector-car-rear-back-seat-mat-with-zipper,2026-05-27
https://getpawsy.pet/product/xl-stainless-steel-litter-box-w-flip-top-scoop-step-top-side-entry-enclosed-fe5e,2026-05-27
https://getpawsy.pet/product/getpawsy-automatic-pet-feeder-2200ml-74oz-water-fountain-1800ml-slow-feed-anti-c-20420713,2026-05-27
https://getpawsy.pet/product/multi-level-natural-pear-wood-cat-tree-sisal-scratching-posts-plush-balls-long-1175,2026-05-26
https://getpawsy.pet/product/getpawsy-2025-must-buy-fully-enclosed-stainless-steel-cat-easy-clean-d-108004462595,2026-05-26
https://getpawsy.pet/product/getpawsy-wood-pet-stairs-2-step-dog-stairs-beds-orthopedic-support-20363217,2026-05-26
https://getpawsy.pet/product/getpawsy-medium-sized-two-layer-sisal-cat-scratching-post-indoor-sisal-scratch-p-20421323,2026-05-26
https://getpawsy.pet/product/60l-automatic-cat-litter-box,2026-05-26
https://getpawsy.pet/product/pet-oral-spray,2026-05-26
https://getpawsy.pet/product/getpawsy-outdoor-heavy-duty-collapsible-pet-bike-trailer-durable-chew--275215704066,2026-05-25
https://getpawsy.pet/product/28-elevated-cat-bed-with-sisal-scratching-post-for-indoor-kitties-modern-cat-0750,2026-05-25
https://getpawsy.pet/product/getpawsy-5core-cat-ethernet-cable-20ft-long-computer-interactive-play-20388851,2026-05-25
https://getpawsy.pet/product/pet-carrier-backpack-expandable-cat-dog-carrier-with-back-extension-breathable-0381,2026-05-25
https://getpawsy.pet/product/lantern-music-mechanical-dog-toy,2026-05-23
https://getpawsy.pet/product/getpawsy-kids-piano-keyboard-25-keys-wooden-digital-interactive-play-495938650114,2026-05-23
https://getpawsy.pet/products/dog-training-collar-receiver-ip67-waterproof-dog-bark-shock-collar-accessories-adjustable-belt,2026-05-23
https://getpawsy.pet/products/extra-large-fully-enclosed-flip-top-cat-litter-box-anti-splash-anti-tracking-156e,2026-05-22
https://getpawsy.pet/product/electric-dog-fence-system-with-collar-wire-collar-receiver-only-wire-only-wire-pro-only-options,2026-05-21
https://getpawsy.pet/products/getpawsy-wood-pet-stairs-4-step-dog-stairs-beds-orthopedic-support-20363220,2026-05-20
https://getpawsy.pet/product/wooden-pet-house-cat-litter-box-enclosure-with-drawer-side-table-indoor-pet-crate-cat-home-nightstan,2026-05-18
https://getpawsy.pet/products/getpawsy-32-soft-dog-crates-kennel-3-door-portable-interactive-play-20417709,2026-05-18
https://getpawsy.pet/product/getpawsy-pet-water-fountain-large-capacity-automatic-cat-slow-feed-anti-gulp-20420715,2026-05-18
https://getpawsy.pet/product/dog-training-collar-receiver-ip67-waterproof-dog-bark-shock-collar-accessories-adjustable-belt,2026-05-18
https://getpawsy.pet/product/dog-potty-training-artificial-grass-pad-pet-cat-toilet-trainer-mat-puppy-loo-tray-turf,2026-05-17
https://getpawsy.pet/products/pet-stroller-4-wheels-dog-stroller-rotate-with-brakes-66-lbs-weight-capacity-puppy-stroller-with-det,2026-05-17
https://getpawsy.pet/product/getpawsy-kids-piano-keyboard-37-keys-wooden-digital-interactive-play-697936330754,2026-05-17
https://getpawsy.pet/product/pet-slow-food-bowl-anti-choking-cat-bowl-3in1-interactive-dog-feeder-puzzle-lick-mat-slow-feeder-bow,2026-05-16
https://getpawsy.pet/product/dog-ear-anatomical-model-canine-veterinary-clinic-teaching,2026-05-16
https://getpawsy.pet/product/getpawsy-pet-dog-bed-soft-warm-fleece-puppy-plush-cozy-retreat-20366931,2026-05-16
https://getpawsy.pet/product/getpawsy-outdoor-heavy-duty-collapsible-pet-bike-trailer-durable-chew--672620351489,2026-05-16
https://getpawsy.pet/product/pet-solid-wood-paw-print-cremation-urn,2026-05-16
https://getpawsy.pet/product/getpawsy-36-inch-foldable-dog-grooming-table-home-deshedding-brush-20399020,2026-05-16
https://getpawsy.pet/product/getpawsy-transforming-remote-control-car-robot-r-c-car-interactive-play-20421244,2026-05-16
https://getpawsy.pet/product/getpawsy-modern-enclosed-cat-litter-box-built-in-scoop-easy-clean-design-20443119,2026-05-15
https://getpawsy.pet/product/anti-falling-cat-dog-feeding-water-bowl-1769876071718,2026-05-15
https://getpawsy.pet/product/35-inch-modern-cat-tree-for-indoor-adult-cats-with-wooden-scratching-posts-cat-133c,2026-05-15
https://getpawsy.pet/product/getpawsy-extra-large-dual-entry-cat-litter-box-convertible-easy-clean-design-20443126,2026-05-15
https://getpawsy.pet/product/getpawsy-large-folding-bike-trailer-dogs-66lb-capacity-durable-chew-resistant-20417741,2026-05-15
https://getpawsy.pet/product/getpawsy-large-cat-litter-box-enclosure-shelf-storage-easy-clean-desig-770047922177,2026-05-15
https://getpawsy.pet/products/getpawsy-outdoor-heavy-duty-collapsible-pet-bike-trailer-durable-chew--275215704066,2026-05-15
https://getpawsy.pet/product/extra-large-fully-enclosed-flip-top-cat-litter-box-anti-splash-anti-tracking-156e,2026-05-14
https://getpawsy.pet/product/autumn-double-sided-fleece-hairless-cat-clothes,2026-05-14
https://getpawsy.pet/product/getpawsy-elf-cat-litter-box-dual-entry-fully-enclosed-easy-clean-design-20443127,2026-05-14
https://getpawsy.pet/products/dog-agility-equipment-ramp-with-safety-bar-non-slip-surface-for-walk-and-pause-training-gray,2026-05-14
https://getpawsy.pet/product/getpawsy-2-in-1-dual-mode-large-plastic-cat-slow-interactive-play-20443125,2026-05-14
https://getpawsy.pet/product/getpawsy-aluminum-frame-foldable-dog-stairs-steps-heavy-durable-chew-r-274796294145,2026-05-14
https://getpawsy.pet/product/getpawsy-fully-enclosed-stainless-steel-cat-litter-box-easy-clean-design-20443127,2026-05-14
https://getpawsy.pet/product/getpawsy-large-folding-bike-trailer-dogs-100lb-capacity-durable-chew-resistant-20417737,2026-05-14
https://getpawsy.pet/product/getpawsy-fully-enclosed-magic-cube-litter-box-top-front-easy-clean-design-20443128,2026-05-13
https://getpawsy.pet/product/pawhut-5-tier-hamster-cage-with-tubes-and-tunnels-small-animal-cage-rat-gerbil-cage-with-water-bottl,2026-05-13
https://getpawsy.pet/product/getpawsy-extra-wide-foldable-dog-stairs-pet-ramp-durable-chew-resistant-20417706,2026-05-13
https://getpawsy.pet/products/59-extra-tall-pet-gate-30-41-dog-gate-with-cat-door-1-4-narrow-gap-2-8-and-5-5-extension-for-doorway,2026-05-13
https://getpawsy.pet/products/beige-multi-level-cat-tower-with-condos-hammocks-and-sisal-scratching-posts,2026-05-12
https://getpawsy.pet/product/pawhut-2-level-small-animal-cage-rabbit-hutch-with-wheels-removable-tray-platform-and-ramp-for-bunny,2026-05-12
https://getpawsy.pet/product/pet-canvas-shoulder-bag-cute-animal-shapedcat-carrier-canvas-bags-portable-pet-canvastote-chest-bag-,2026-05-11
https://getpawsy.pet/products/parrot-stand-large-bird-perch-stand-with-toy-hook-3-ladders-parrot-perch-bird-wooden-stand-gray,2026-05-10
https://getpawsy.pet/product/59-extra-tall-pet-gate-30-41-dog-gate-with-cat-door-1-4-narrow-gap-2-8-and-5-5-extension-for-doorway,2026-05-10
https://getpawsy.pet/product/dog-bark-deterrent-device-stops-bad-behavior-professional-dog-training-tool-anti-bark-device-for-dog,2026-05-08
https://getpawsy.pet/product/vertical-money-tree-cat-scratching-pole-sisal-wear-resistant-cat-scratching-column-interactive-ball-,2026-05-08
https://getpawsy.pet/product/pet-stroller-for-dogs-and-cats-foldable-lightweight-and-durable-ideal-for-small-,2026-05-08
https://getpawsy.pet/product/beige-33-5-multi-level-cat-tree-with-2-tier-condo-sisal-scratching-posts-anti-toppling-device-for-ca,2026-05-08
https://getpawsy.pet/products/60l-automatic-cat-litter-box-smart-app-control-deodorizing-infrared-sensor-suitable-for-multiple-cats-1768944769161,2026-05-08
https://getpawsy.pet/c/dogs/health,2026-05-08
https://getpawsy.pet/products/dog-toilet-training-spray,2026-05-07
https://getpawsy.pet/product/1pc-smart-pet-water-fountain-automatic-cat-water-dispenser-4-5l-cordless-rechargeable-dog-water-foun,2026-05-06
https://getpawsy.pet/product/parrot-stand-large-bird-perch-stand-with-toy-hook-3-ladders-parrot-perch-bird-wooden-stand-gray,2026-05-05
https://getpawsy.pet/product/2001526910270021634,2026-05-05
https://getpawsy.pet/product/furniture-style-dog-crate-end-table-with-removable-door-panel-dog-crate-bed-with-foam-cushion-safety,2026-05-04
https://getpawsy.pet/products/dog-bark-deterrent-device-stops-bad-behavior-professional-dog-training-tool-anti-bark-device-for-dog,2026-05-04
https://getpawsy.pet/bestseller/60l-automatic-cat-litter-box-smart-app-control-deodorizing-infrared-sensor-suitable-for-multiple-cats-1768944769161,2026-05-03
https://getpawsy.pet/product/1pc-dog-potty-training-artificial-grass-pad-pet-cat-toilet-trainer-mat-puppy-loo-tray-turf-for-small,2026-05-01
https://getpawsy.pet/product/getpawsy-dog-ramp-car-65inchx17-2inch-large-folding-pet-orthopedic-support-20424512,2026-05-01
https://getpawsy.pet/product/getpawsy-1550w-high-velocity-pet-blow-dryer-heater-durable-chew-resistant-20439468,2026-05-01
https://getpawsy.pet/product/american-local-tactical-pet-boobs-service-dog-harness-vest-adjustable-reflective-dog-harness-metal-b,2026-04-29
https://getpawsy.pet/product/ultra-cat-nail-trimming-kit-premium-quality,2026-04-29
https://getpawsy.pet/product/black-and-white-cat-tin-art-wall-decoration,2026-04-29
https://getpawsy.pet/product/44-multi-level-cat-tree-with-spacious-top-perch-2-door-condo-hammock-for-indoor-cats-light-gray,2026-04-29
https://getpawsy.pet/blog/dog-beds-comfort-sleep-guide-2026,2026-04-29
https://getpawsy.pet/c/dogs/sleep,2026-04-29
https://getpawsy.pet/product/new-samoyed-dog-led-night-light-artistic-animal-figurine-resin-craftwork,2026-04-29
https://getpawsy.pet/product/pawhut-chinchillas-small-rabbit-guinea-pig-small-animal-cage-pet-playhouse-with-,2026-04-28
https://getpawsy.pet/product/compass-cat-scratching-post-cat-scratching-post-with-ball-interactive-training-sports-mouse-toy-with,2026-04-28
https://getpawsy.pet/product/premium-toys-for-birds-sku-td5082,2026-04-28
https://getpawsy.pet/product/4-6-in-dark-gray-cat-tree-tower-with-wide-base-3-large-hinding-condo-11-sisal-scratching-post-sisal-,2026-04-28
https://getpawsy.pet/product/small-animal-cage-with-wheels-pet-playpen-for-rat-syrian-hamster-kitten-ferrets-chinchillas-with-bot,2026-04-27
https://getpawsy.pet/product/getpawsy-pawhut-wooden-cat-run-weather-protection-connecting-interactive-play-20392388,2026-04-27
https://getpawsy.pet/collections/,2026-04-27
https://getpawsy.pet/product/pet-dog-rubber-ball-toys-for-dogs-resistance-to-bite-dog-chew-toys-puppy-pets-dogs-training-products,2026-04-27
https://getpawsy.pet/product/getpawsy-tiers-outdoor-cat-house-weatherproof-cat-tree-multi-level-climbing-towe-20373781,2026-04-27
https://getpawsy.pet/product/getpawsy-cat-litter-box-lid-easy-clean-design-20420715,2026-04-27
https://getpawsy.pet/product/wood-pet-stairspet-steps-2-in-1-foldable-wooden-dog-stair-for-beds-sofa-and-cars,2026-04-26
https://getpawsy.pet/product/wicker-dog-house-outdoor-with-canopy-rattan-dog-bed-with-water-resistant-cushion-raised-pet-bed-for--2,2026-04-26
https://getpawsy.pet/product/indoor-wooden-cat-climbing-frame-cat-tower-cat-house-with-cat-scratching-board-ramp-suitable-for-lar,2026-04-26
https://getpawsy.pet/product/55437c66-e849-49ad-b3e3-2cc66e576f5d,2026-04-26
https://getpawsy.pet/product/0d294b14-13ce-4e75-a8e4-5b4d27c7e261,2026-04-25
https://getpawsy.pet/product/chicken-activity-play-set-with-multiple-chicken-perches-swing-ladder-platform-for-3-4-chickens-coffe,2026-04-25
https://getpawsy.pet/product/60l-automatic-cat-litter-box-smart-app-control-deodorizing-infrared-sensor-suitable-for-multiple-cat,2026-04-25
https://getpawsy.pet/product/89l-outdoor-rabbit-hutch-guinea-pig-cage-indoor-outdoor-wooden-bunny-hutch-with-,2026-04-24
https://getpawsy.pet/product/youmile-hip-joint-health-supplement-for-dogs-120-chews-glucosamine-chondroitin-msm-dog-chews-with-hy,2026-04-24
https://getpawsy.pet/product/getpawsy-40-soft-dog-crates-kennel-3-door-portable-interactive-play-196112457730,2026-04-23
https://getpawsy.pet/product/getpawsy-transforming-car-robot-one-button-deformation-or-toy-interactive-play-20414221,2026-04-23
https://getpawsy.pet/product/4-wheels-pet-stroller-foldable-carrier-strolling-cart-travel-jogger-pet-stroller-with-removable-line,2026-04-22
https://getpawsy.pet/product/foldable-pet-swimming-pool,2026-04-22
https://getpawsy.pet/product/1991249014612287489,2026-04-18
https://getpawsy.pet/product/10w-12v-solar-powered-dual-fan-chicken-cooppet-house-exhaust-fan,2026-04-18
https://getpawsy.pet/product/pawhut-wooden-dog-agility-seesaw-for-balance-training-and-exercise-platform-equipment-run-game-toy-w,2026-04-18
https://getpawsy.pet/product/dog-toy-005,2026-04-17
https://getpawsy.pet/products/hamster-cage-3-level-habitat,2026-04-17
https://getpawsy.pet/product/hamster-cage-3-level-habitat,2026-04-17
https://getpawsy.pet/small-pets/accessories,2026-04-17
https://getpawsy.pet/product/cat-window-box-large-catio-with-shelves-bridges-outside-enclosure-for-multiple-cats-white,2026-04-17
https://getpawsy.pet/product/9a72f697-74c8-4758-9950-b2ace1b8fef6,2026-04-17
https://getpawsy.pet/product/front-flip-door-dual-opening-anti-splashing-anti-tracking-odor-locking-cat-toilet-with-free-scoop-de,2026-04-17
https://getpawsy.pet/product/60l-automatic-cat-litter-box-smart-app-control-deodorizing-infrared-sensor-suitable-for-multiple-cats-1768944769161,2026-04-17
https://getpawsy.pet/product/natural-jerky,2026-04-16
https://getpawsy.pet/product/1993916062320009218,2026-04-15
https://getpawsy.pet/product/4-in-1-cat-steam-brush-anti-static-shedding-spray-comb-hair-removal-mist-indoor-steamy-grooming-brus,2026-04-15
https://getpawsy.pet/product/74ec7174-551a-43e0-b18e-765ef09657e1,2026-04-15
https://getpawsy.pet/product/41-inch-hand-woven-water-hyacinth-cat-tree-3-sisal-scratching-posts-multi-level-activity-center-for-,2026-04-14
https://getpawsy.pet/products/hoopsy-leash,2026-04-14
https://getpawsy.pet/products/natural-jerky,2026-04-14
https://getpawsy.pet/product/2-in-1-pet-bike-trailer-for-small-dogs,2026-04-13
https://getpawsy.pet/product/automatic-dog-ball-launcher-with-26-79-ft-distance-automatic-ball-launcher-for-m,2026-04-13
https://getpawsy.pet/shipping-returns,2026-04-12
https://getpawsy.pet/product/the-two-piece-dog-leash-set-is-made-of-wear-resistant-and-skin-friendly-materials-with-excellent-qua,2026-04-12
https://getpawsy.pet/product/pet-ear-wash,2026-04-11
https://getpawsy.pet/product/dog-training-collar-receiver-ip67-waterproof-dog-bark-shock-vibration-beep-receiver-up-to-3280ft,2026-04-11
https://getpawsy.pet/product/luxury-color-gemstone-and-diamond-cat-claw-ring,2026-04-11
https://getpawsy.pet/product/pet-dog-carrier-bag-carrier-for-dogs-backpack-out-double-shoulder-portable-travel-backpack-outdoor-d,2026-04-11
https://getpawsy.pet/product/1991251206486396930,2026-04-11
https://getpawsy.pet/products/pet-ear-wash,2026-04-10
https://getpawsy.pet/product/ear-stud-female-irregular-cat,2026-04-08
https://getpawsy.pet/products/premium-toys-for-birds-sku-td5082,2026-04-07
https://getpawsy.pet/product/138b0ed1-d184-4b26-afa2-9704ef9cbbbd,2026-04-04
https://getpawsy.pet/product/rat-terrier-throw-blanket-dog-lover-gift-blanket-reversible-plush-fluffy-red-heart-rescue-dog-sherpa,2026-04-03
https://getpawsy.pet/bestseller/,2026-04-03
https://getpawsy.pet/product/aluminum-transport-case-aluminum-car-carrier-travel-carrier-suitable-for-cats-and-dogs-black-and-sil,2026-04-02
https://getpawsy.pet/products/food-bowl,2026-04-01
https://getpawsy.pet/small-pets/grooming,2026-04-01
https://getpawsy.pet/products/hamster-cage,2026-04-01
https://getpawsy.pet/guides/best-cat-trees-maine-coons,2026-03-31
https://getpawsy.pet/guides/best-dog-anxiety-solutions-2026,2026-03-30
https://getpawsy.pet/guides/best-disposable-litter-box,2026-03-30
https://getpawsy.pet/product/pet-interactive-sound-ball-the-mellow-dog-cat-pet-voice-ball-interactive-pet-squeaky-toys,2026-03-30
https://getpawsy.pet/product/stainless-steel-pet-water-fountain-filters-pet-water-fountain-filters-8-pack-replacement-filters-wit,2026-03-29
https://getpawsy.pet/products/ole-miss-pet-jersey,2026-03-29
https://getpawsy.pet/product/smart-pet-water-fountain-automatic-cat-water-dispenser-4-5l-cordless-rechargeable-dog-water-fountain,2026-03-29
https://getpawsy.pet/product/733df0c9-af99-4d53-bb87-bd3269973a15,2026-03-29
https://getpawsy.pet/products/automatic-cat-feeder-smart,2026-03-29
https://getpawsy.pet/products/complete-food-kit-for-birds,2026-03-29
https://getpawsy.pet/product/s-m-l-dog-collar-leather-dog-collar-for-small-medium-and-large-dogs-basic-f384,2026-03-29
https://getpawsy.pet/product/pet-cat-crazy-ball-disk-interactive-toys-amusement-plate-trilaminar-funny-toy,2026-03-28
https://getpawsy.pet/guides/best-litter-genie,2026-03-28
https://getpawsy.pet/product/ae33680e-87e0-48af-96d9-f4ce13ae55fa,2026-03-28
https://getpawsy.pet/product/55-2-in-1-bird-cage-aviary-parakeet-house-for-finches-budgies-with-wheels-light-blue,2026-03-28
https://getpawsy.pet/guides/best-chew-proof-dog-bed,2026-03-28
https://getpawsy.pet/product/0405cf9a-c96c-46bd-bbb4-f66768564290,2026-03-28
https://getpawsy.pet/product/2001621689229033473,2026-03-27
https://getpawsy.pet/pages/contact,2026-03-26
https://getpawsy.pet/product/5a93dba6-2030-4469-b40b-2f6aa07590aa,2026-03-26
https://getpawsy.pet/c/dogs/grooming,2026-03-26
https://getpawsy.pet/guides/best-dog-beds-guide,2026-03-25
https://getpawsy.pet/product/1806928748680728576,2026-03-24
https://getpawsy.pet/products/nala-pet-dog-collar-traction-rope,2026-03-24
https://getpawsy.pet/c/dogs/toys,2026-03-24
https://getpawsy.pet/products/hot-dogs,2026-03-24
https://getpawsy.pet/products/dog-bed,2026-03-24
https://getpawsy.pet/products/comfortable-cat-corner-scratching-post-premium-quality,2026-03-24
https://getpawsy.pet/products/bow-pet-collar-large-and-small-pet-traction-collar-dog-chain,2026-03-23
https://getpawsy.pet/guides/dog-enrichment-toys,2026-03-23
https://getpawsy.pet/product/,2026-03-22
https://getpawsy.pet/c/cats/bowls-feeders,2026-03-22
https://getpawsy.pet/products/premium-essential-dog-automatic-water-fountain,2026-03-22
https://getpawsy.pet/products/premium-pro-dog-car-safety-harness,2026-03-22
https://getpawsy.pet/products/premium-eco-friendly-dog-squeaky-plush-set,2026-03-21
https://getpawsy.pet/products/hills-science-diet-adult,2026-03-21
https://getpawsy.pet/c/cats/food-treats,2026-03-21
https://getpawsy.pet/products/premium-eco-friendly-dog-orthopedic-bed,2026-03-21
https://getpawsy.pet/products/organic-cat-window-hammock-bed-premium-quality,2026-03-20
https://getpawsy.pet/c/cats/beds-furniture,2026-03-20
https://getpawsy.pet/products/premium-advanced-dog-retractable-walking-leash,2026-03-20
https://getpawsy.pet/products/probiotic-soothing-drops-for-dogs,2026-03-20
https://getpawsy.pet/products/petal-large-grip-updo-hair-accessories-hair-accessories,2026-03-20
https://getpawsy.pet/products/premium-comfortable-dog-stainless-steel-food-bowl-set,2026-03-20
https://getpawsy.pet/c/cats/litter,2026-03-20
https://getpawsy.pet/products/dog-rain-jacket,2026-03-19
https://getpawsy.pet/products/premium-eco-friendly-dog-clicker-training-set,2026-03-19
https://getpawsy.pet/products/round-tunnel-cat-nest-detachable-s-type,2026-03-19
https://getpawsy.pet/products/bpa-free-cat-tower-medium,2026-03-19
https://getpawsy.pet/products/advanced-accessories-for-birds,2026-03-19
https://getpawsy.pet/products/pro-cat-organic-catnip-treats-premium-quality,2026-03-19
https://getpawsy.pet/products/premium-durable-dog-leather-collar-with-id-tag,2026-03-19
https://getpawsy.pet/products/liquid-probiotic-drops-for-dogs-and-cats,2026-03-19
https://getpawsy.pet/products/anti-spill-water-bowl,2026-03-19
https://getpawsy.pet/products/ultra-cat-odor-control-litter-box-premium-quality,2026-03-19
https://getpawsy.pet/products/premium-organic-dog-natural-dental-chews,2026-03-19
https://getpawsy.pet/products/cat-claws-mat-cat-scratch-board,2026-03-19
https://getpawsy.pet/products/pet-cat-and-dog-melatonin,2026-03-18
https://getpawsy.pet/products/dog-toy-interactive-game-toy-the-new-pet-toy-little-monster-series-vocal-dog-toys-are-bite-resistant-and-easy-to-clean,2026-03-18
https://getpawsy.pet/products/inductive-magpie-cat-self-entertaining-plush-smart-toy,2026-03-18
https://getpawsy.pet/products/pet-dog-toy-cotton-rope-double-knot-ball-bite-resistant-tooth-cleaning-toy-ball-pet-supplies,2026-03-18
https://getpawsy.pet/products/premium-cat-heated-sleeping-pad-premium-quality,2026-03-17
https://getpawsy.pet/products/premium-super-dog-natural-dental-chews,2026-03-17
https://getpawsy.pet/products/color-diamond-light-luxury-winter-rabbit-hair-knitted-hat-personality-colorful,2026-03-17
https://getpawsy.pet/products/premium-super-dog-de-shedding-brush-tool,2026-03-17
https://getpawsy.pet/products/elevated-pet-feeder-stand,2026-03-17
https://getpawsy.pet/products/24-inch-anti-slip-round-fluffy-plush-faux-fur-cat-bed-fits-up-to-25-lbs-pets,2026-03-17
https://getpawsy.pet/products/200-pcs-artificial-silk-rose-petals,2026-03-17
https://getpawsy.pet/products/comfortable-cat-catnip-mouse-collection-premium-quality,2026-03-17
https://getpawsy.pet/products/durable-cat-self-cleaning-litter-system-premium-quality,2026-03-17
https://getpawsy.pet/products/comfortable-cat-nail-trimming-kit-premium-quality,2026-03-17
https://getpawsy.pet/products/natural-cat-salmon-training-bites-premium-quality,2026-03-17
https://getpawsy.pet/products/professional-pet-grooming-kit-deluxe,2026-03-17
https://getpawsy.pet/products/premium-dog-training-clicker-with-wrist-strap,2026-03-16
https://getpawsy.pet/products/premium-elite-dog-agility-training-kit,2026-03-16
https://getpawsy.pet/products/premium-luxury-dog-squeaky-plush-set,2026-03-16
https://getpawsy.pet/products/cat-scratching-post-with-sisal-rope,2026-03-16
https://getpawsy.pet/products/automatic-pet-water-fountain-2l,2026-03-16
https://getpawsy.pet/products/dog-melatonin-soft-granules,2026-03-16
https://getpawsy.pet/products/professional-pet-microchip-scanner,2026-03-16
https://getpawsy.pet/products/premium-elite-dog-puzzle-treat-dispenser,2026-03-16
https://getpawsy.pet/products/cat-hair-cleaner-cat-hair-removal-and-adsorption-artifact-hair-brush,2026-03-16
https://getpawsy.pet/products/dog-melatonin-support-soft-particles,2026-03-16
https://getpawsy.pet/products/premium-heavy-duty-dog-orthopedic-bed,2026-03-16
https://getpawsy.pet/products/natural-straw-mat,2026-03-15
https://getpawsy.pet/products/interactive-dog-puzzle-toy-treat-dispenser,2026-03-15
https://getpawsy.pet/products/wall-perch-x-large-blue,2026-03-15
https://getpawsy.pet/products/heated-bed-small-pink,2026-03-15
https://getpawsy.pet/products/premium-ultra-dog-airline-approved-carrier,2026-03-15
https://getpawsy.pet/products/dog-slow-feeder-bowl-silicone-lick-mat-toy,2026-03-15
https://getpawsy.pet/products/mouth-cover-to-prevent-eating-indiscriminately-large-labrador-dog,2026-03-15
https://getpawsy.pet/products/premium-natural-dog-interactive-ball-launcher,2026-03-15
https://getpawsy.pet/small-pets/beds,2026-03-14
https://getpawsy.pet/products/waterproof-dog-car-seat-cover,2026-03-14
https://getpawsy.pet/products/classic-cat-corner-scratching-post-premium-quality,2026-03-14
https://getpawsy.pet/pages/returns,2026-03-14
https://getpawsy.pet/dogs/harnesses,2026-03-14
https://getpawsy.pet/c/cats/toys,2026-03-14
https://getpawsy.pet/products/pet-supplies-fitness-sports-running-hand-holding-rope-multifunctional-traction-belt-dog-traction,2026-03-13
https://getpawsy.pet/products/dog-diapers-and-diapers-sanitary-pads,2026-03-13
https://getpawsy.pet/products/reflective-dog-collar-with-safety-buckle,2026-03-13
https://getpawsy.pet/products/premium-organic-dog-leather-collar-with-id-tag,2026-03-13
https://getpawsy.pet/products/premium-heavy-duty-dog-grain-free-training-treats,2026-03-13
https://getpawsy.pet/products/premium-natural-dog-no-pull-training-harness,2026-03-13
https://getpawsy.pet/c/cats/grooming,2026-03-12
https://getpawsy.pet/products/14-pack-reflective-breakaway-cat-collars-with-bells-safety-buckle-kitten-collar-with-name-tag-adjustable-ideal-for-girl-cats-male-cats-pet-supplies-stuff-accessories12-colors-2-id-tags,2026-03-12
https://getpawsy.pet/products/interactive-pet-football-toys-with-grab-tabs-dog-bite-chew-balls-pets-accessories-puppy-outdoor-training-soccer-5-91-7-48in,2026-03-12
https://getpawsy.pet/c/dogs/clothing,2026-03-10
https://getpawsy.pet/legal/refund,2026-03-09
https://getpawsy.pet/c/cats/health,2026-03-07
https://getpawsy.pet/products/cat-toy-suction-cup-spring-rabbit-fur-ball-retractable-elastic-rope-bite-resistant-self-entertainment-interactive-cat-teaser-pet-supplies,2026-03-07
https://getpawsy.pet/legal/ai,2026-03-07
https://getpawsy.pet/c/dogs/feeding,2026-03-07
https://getpawsy.pet/products/pawprint-commercial-grade-vitamins-for-dogs,2026-03-07
https://getpawsy.pet/accessories,2026-03-05
https://getpawsy.pet/products/5,2026-03-05
https://getpawsy.pet/products/sleep-support-melatonin-drops-for-cats,2026-03-05
https://getpawsy.pet/products/premium-essential-dog-stainless-steel-food-bowl-set,2026-03-05
https://getpawsy.pet/guides/senior-dog-care,2026-03-04
https://getpawsy.pet/legal/returns,2026-03-04
https://getpawsy.pet/bestseller/honden-autostoelhoes,2026-03-03
https://getpawsy.pet/legal/privacy,2026-03-03
https://getpawsy.pet/products/premium-advanced-dog-no-pull-training-harness,2026-03-03
https://getpawsy.pet/partners,2026-03-02
https://getpawsy.pet/return-policy,2026-03-02
https://getpawsy.pet/products/flat-slicker-brush,2026-03-02
https://getpawsy.pet/products/premium-beds-for-cats,2026-03-01
https://getpawsy.pet/privacy-policy,2026-03-01
https://getpawsy.pet/products/reflective-leash-collar-set,2026-03-01
https://getpawsy.pet/products/dog-car-seat-cover-waterproof,2026-03-01
https://getpawsy.pet/products/dog-immune-digestive-support-soft-granules,2026-02-28
https://getpawsy.pet/legal/eu-gdpr,2026-02-28
https://getpawsy.pet/products/cat-and-dog-snack-feeder,2026-02-28
https://getpawsy.pet/products/premium-modern-dog-car-safety-harness,2026-02-27
https://getpawsy.pet/products/premium-waterproof-dog-grain-free-training-treats,2026-02-26
https://getpawsy.pet/products/premium-pro-dog-de-shedding-brush-tool,2026-02-26
https://getpawsy.pet/products/comfortable-cat-multi-level-cat-tree-premium-quality,2026-02-26
https://getpawsy.pet/products/3-in-1-portable-pet-bottle,2026-02-24
https://getpawsy.pet/collections,2026-02-24
https://getpawsy.pet/collections/small-pets,2026-02-18
https://getpawsy.pet/products/9,2026-02-18
https://getpawsy.pet/legal/about,2026-02-18
https://getpawsy.pet/new-arrivals,2026-02-18
https://getpawsy.pet/api/version,2026-02-08
https://getpawsy.pet/blog?category=general,2026-01-24
https://getpawsy.pet/product/c0edc331-3781-48a1-ac8c-7fbc5ec12f99,2026-01-20
https://getpawsy.pet/product/honeycomb-embossed-dual-color-pet-leash-set-is-stylish-and-fashionable-the-embos,2026-01-19
https://getpawsy.pet/products/cat-window-hammock-perch-foldable,2026-01-05
https://getpawsy.pet/products/donut-bed-blue,2025-12-28
https://getpawsy.pet/products/wood-shavings-1,2025-12-28
https://getpawsy.pet/products/gerbil-habitat,2025-12-28